{
    "bromic|skin1": {
        "name": "Skin 1",
        "theme_id": "bromic",
        "root_skin_id": "skin1",
        "options": {
            "information_content": {
                "ar": "<span style=\"line-height: 20.7999992370605px;\">Lorem ipsum dolor sit amet, consectetur adipisicing elit. Ab aut dignissimos ea est, impedit incidunt, laboriosam maxime molestias numquam odio officiis, possimus quo rem repellendus sapiente tenetur voluptas. A, expedita?<\/span>",
                "en": "<span style=\"line-height: 20.7999992370605px;\">Lorem ipsum dolor sit amet, consectetur adipisicing elit. Ab aut dignissimos ea est, impedit incidunt, laboriosam maxime molestias numquam odio officiis, possimus quo rem repellendus sapiente tenetur voluptas. A, expedita?<\/span>"
            },
            "bottom_heading_color": "#fff",
            "menu_font": {"font_family": "Josefin Sans"},
            "product_cart_hover_color": "#FFFFFF",
            "button_background_color": "#34477A",
            "kuler_slides_buttons_bg_color": "#1f1f1f",
            "product_buttons_bg_color": "#ffffff",
            "button_color": "#fff",
            "product_buttons_color": "#202020",
            "product_cart_hover_bg_color": "#34477A",
            "body_text_color": "#1f1f1f",
            "button_hover_background": "#212121",
            "product_old_price_color": "#ddd",
            "product_price_color": "#34477A",
            "payment_icons": [
                {
                    "image": "data\/bromic\/payment_icons\/amex.png",
                    "name": {"ar": ""},
                    "link": "",
                    "sort": "",
                    "new_tab": "true",
                    "$$hashKey": "03N"
                },
                {
                    "image": "data\/bromic\/payment_icons\/visa.png",
                    "link": "",
                    "sort": "",
                    "new_tab": "true",
                    "$$hashKey": "03U"
                },
                {
                    "image": "data\/bromic\/payment_icons\/master.png",
                    "link": "",
                    "sort": "",
                    "new_tab": "true",
                    "$$hashKey": "041"
                }
            ],
            "body_link_color": "#1F1F1F",
            "product_cart_color": "#202020",
            "search_result_limit": "2",
            "menu_bg_color": "#34477A",
            "primary_color": "#34477a",
            "product_image_width": "100",
            "product_sale_color": "#34477a",
            "menu_item_color": "#fff",
            "product_name_color": "#1F1F1F",
            "icon_style": "icon",
            "product_image_height": "100",
            "product_buttons_bg_hover_color": "#34477a",
            "body_container_bg_color": "#fff",
            "product_sale_text_color": "#fff",
            "bottom_background_color": "#212121",
            "custom_tab_2_content": {
                "en": "At vero eos et accusamus et iusto odio dignissimos ducimus qui blanditiis praesentium voluptatum deleniti atque corrupti quos dolores et quas molestias excepturi sint occaecati cupiditate non provident, similique sunt in culpa qui officia deserunt mollitia animi, id est laborum et dolorum fuga. Et harum quidem rerum facilis est et expedita distinctio. Nam libero tempore, cum soluta nobis est eligendi optio cumque nihil impedit quo minus id quod maxime placeat facere possimus, omnis voluptas assumenda est, omnis dolor repellendus. Temporibus autem quibusdam et aut officiis debitis aut rerum necessitatibus saepe eveniet ut et voluptates repudiandae sint et molestiae non recusandae. Itaque earum rerum hic tenetur a sapiente delectus, ut aut reiciendis voluptatibus maiores alias consequatur aut perferendis doloribus asperiores repellat",
                "ar": "At vero eos et accusamus et iusto odio dignissimos ducimus qui blanditiis praesentium voluptatum deleniti atque corrupti quos dolores et quas molestias excepturi sint occaecati cupiditate non provident, similique sunt in culpa qui officia deserunt mollitia animi, id est laborum et dolorum fuga. Et harum quidem rerum facilis est et expedita distinctio. Nam libero tempore, cum soluta nobis est eligendi optio cumque nihil impedit quo minus id quod maxime placeat facere possimus, omnis voluptas assumenda est, omnis dolor repellendus. Temporibus autem quibusdam et aut officiis debitis aut rerum necessitatibus saepe eveniet ut et voluptates repudiandae sint et molestiae non recusandae. Itaque earum rerum hic tenetur a sapiente delectus, ut aut reiciendis voluptatibus maiores alias consequatur aut perferendis doloribus asperiores repellat"
            },
            "topbar_background_color": "#F9F9F9",
            "custom_js_status": "false",
            "custom_css_status": "false",
            "custom_css_file_status": "false",
            "show_payment_icons": "true",
            "show_custom_copyright": "false",
            "show_newsletter_title": "true",
            "show_newsletter": "true",
            "social_icon_rss": "false",
            "social_icon_instagram": "false",
            "social_icon_pinterest": "false",
            "social_icon_youtube": "true",
            "social_icon_google_plus": "true",
            "social_icon_twitter": "true",
            "social_icon_facebook": "true",
            "show_social_icons_title": "false",
            "show_social_icons": "true",
            "twitter_transparent_background": "false",
            "show_twitter_header": "false",
            "show_twitter_footer": "false",
            "show_twitter": "false",
            "show_twitter_title": "false",
            "show_facebook_posts": "false",
            "show_facebook_friend_faces": "false",
            "show_facebook_title": "false",
            "show_facebook": "false",
            "show_contact_title": "false",
            "show_contact": "false",
            "show_information_title": "true",
            "show_information": "true",
            "enable_scroll_up": "true",
            "enable_swap_image": "true",
            "show_sale_badge": "true",
            "show_quick_view": "true",
            "show_custom_notification": "false",
            "login_popup": "true",
            "enable_one_page_checkout": "false",
            "show_google_map": "false",
            "show_custom_information": "false",
            "show_custom_tab_2": "true",
            "show_custom_tab_1": "true",
            "show_related_products": "true",
            "show_custom_block": "false",
            "image_lightbox": "true",
            "default_sharing": "true",
            "show_number_quantity": "false",
            "show_tax": "false",
            "show_save_percent": "false",
            "show_brand_logo": "false",
            "sub_categories_image_carousel": "false",
            "sub_category_image": "false",
            "hide_category_image": "false",
            "show_compare_button": "false",
            "show_wish_list_button": "false",
            "show_product_rating": "false",
            "show_add_to_cart_button": "false",
            "show_product_price": "false",
            "show_product_description": "true",
            "show_product_name": "true",
            "show_product_image": "true",
            "search_in_product_description": "false",
            "search_in_specific_manufacturer": "false",
            "multi_level_default_menu": "false",
            "live_search_status": "true",
            "search_in_specific_category": "false",
            "button_select_list": "false",
            "fixed_header": "false",
            "search_field_text": {"ar": "Live Search Products ...", "en": "Live Search Products ..."},
            "scroll_up_text": {"ar": "Up", "en": "Up"},
            "newsletter_title": {"ar": "Newsletter", "en": "Newsletter"},
            "newsletter_description_text": {
                "ar": "Enter your email and we\u2019ll send you a coupon with 10% off your next order. Add any text here",
                "en": "Enter your email and we\u2019ll send you a coupon with 10% off your next order. Add any text here"
            },
            "newsletter_success_message": {"ar": "Thank You!", "en": "Thank You!"},
            "newsletter_button_text": {"ar": "Subscribe", "en": "Subscribe"},
            "newsletter_input_text": {"ar": "Your Email Here", "en": "Your Email Here"},
            "mobile_menu_title": {"ar": "Menu", "en": "Menu"},
            "heading_font": {"font_family": "Josefin Slab", "text_style_transform": "uppercase"},
            "information_title": {"en": "About Us", "ar": "About Us"},
            "product_cart_bg_color": "#fff",
            "bottom_link_color": "#ffffff",
            "custom_tab_1_content": {
                "en": "At vero eos et accusamus et iusto odio dignissimos ducimus qui blanditiis praesentium voluptatum deleniti atque corrupti quos dolores et quas molestias excepturi sint occaecati cupiditate non provident, similique sunt in culpa qui officia deserunt mollitia animi, id est laborum et dolorum fuga. Et harum quidem rerum facilis est et expedita distinctio. Nam libero tempore, cum soluta nobis est eligendi optio cumque nihil impedit quo minus id quod maxime placeat facere possimus, omnis voluptas assumenda est, omnis dolor repellendus. Temporibus autem quibusdam et aut officiis debitis aut rerum necessitatibus saepe eveniet ut et voluptates repudiandae sint et molestiae non recusandae. Itaque earum rerum hic tenetur a sapiente delectus, ut aut reiciendis voluptatibus maiores alias consequatur aut perferendis doloribus asperiores repellat",
                "ar": "At vero eos et accusamus et iusto odio dignissimos ducimus qui blanditiis praesentium voluptatum deleniti atque corrupti quos dolores et quas molestias excepturi sint occaecati cupiditate non provident, similique sunt in culpa qui officia deserunt mollitia animi, id est laborum et dolorum fuga. Et harum quidem rerum facilis est et expedita distinctio. Nam libero tempore, cum soluta nobis est eligendi optio cumque nihil impedit quo minus id quod maxime placeat facere possimus, omnis voluptas assumenda est, omnis dolor repellendus. Temporibus autem quibusdam et aut officiis debitis aut rerum necessitatibus saepe eveniet ut et voluptates repudiandae sint et molestiae non recusandae. Itaque earum rerum hic tenetur a sapiente delectus, ut aut reiciendis voluptatibus maiores alias consequatur aut perferendis doloribus asperiores repellat"
            },
            "icon_size": "24px",
            "bottom_text_color": "#ffffff",
            "kuler_slides_buttons_bg_hover_color": "#34477A",
            "body_font": {"font_family": "Josefin Slab"},
            "custom_information": {"en": ""},
            "custom_block_content": "",
            "custom_copyright": {"en": ""},
            "zoom_window_height": "800",
            "image_zoom_type": "inner_cloud",
            "home_icon_type": "text",
            "product_buttons_hover_color": "#fff",
            "category_menu_type": "accordion",
            "zoom_window_width": "800",
            "related_products_style": "grid",
            "custom_tab_1_title": {"en": "Custom Tab 1", "ar": "Custom Tab 1"},
            "custom_tab_2_title": {"en": "Custom Tab 2", "ar": "Custom Tab 2"}
        }
    },
    "bromic|skin2": {
        "name": "Skin 2",
        "theme_id": "bromic",
        "root_skin_id": "skin2",
        "options": {
            "primary_color": "#212121",
            "body_link_color": "#1F1F1F",
            "topbar_link_color": "#FFFFFF",
            "custom_tab_2_content": {"en": ""},
            "bottom_background_color": "#212121",
            "header_background_color": "rgba(0, 0, 0, .3)",
            "product_sale_text_color": "#fff",
            "topbar_background_color": "rgba(0, 0, 0, .3)",
            "category_menu_type": "accordion",
            "body_container_bg_color": "#fff",
            "custom_block_content": "",
            "product_buttons_hover_color": "#fff",
            "home_icon_type": "text",
            "zoom_window_height": "800",
            "product_old_price_color": "#ddd",
            "custom_information": {"en": ""},
            "product_price_color": "#212121",
            "product_buttons_bg_color": "#f9f9f9",
            "body_font": {"font_family": "Josefin Slab"},
            "image_zoom_type": "inner_cloud",
            "zoom_window_width": "800",
            "custom_tab_1_content": {"en": ""},
            "custom_copyright": {"en": ""},
            "button_background_color": "#34477A",
            "bottom_text_color": "#ffffff",
            "kuler_slides_buttons_bg_hover_color": "#34477A",
            "button_hover_background": "#212121",
            "information_content": {
                "ar": "<span style=\"line-height: 20.7999992370605px;\">Lorem ipsum dolor sit amet, consectetur adipisicing elit. Ab aut dignissimos ea est, impedit incidunt, laboriosam maxime molestias numquam odio officiis, possimus quo rem repellendus sapiente tenetur voluptas. A, expedita?<\/span>",
                "en": "<span style=\"line-height: 20.7999992370605px;\">Lorem ipsum dolor sit amet, consectetur adipisicing elit. Ab aut dignissimos ea est, impedit incidunt, laboriosam maxime molestias numquam odio officiis, possimus quo rem repellendus sapiente tenetur voluptas. A, expedita?<\/span>"
            },
            "bottom_link_color": "#ffffff",
            "bottom_heading_color": "#fff",
            "product_buttons_color": "#1f1f1f",
            "kuler_slides_buttons_bg_color": "#1f1f1f",
            "body_text_color": "#1f1f1f",
            "button_color": "#fff",
            "icon_size": "24px",
            "product_cart_bg_color": "#f9f9f9",
            "icon_style": "icon",
            "information_title": {"en": "About Us", "ar": "About Us"},
            "product_cart_hover_color": "#fff",
            "payment_icons": [
                {
                    "image": "data\/bromic\/payment_icons\/amex.png",
                    "name": {"ar": ""},
                    "link": "",
                    "sort": "",
                    "new_tab": "true",
                    "$$hashKey": "03N"
                },
                {
                    "image": "data\/bromic\/payment_icons\/visa.png",
                    "link": "",
                    "sort": "",
                    "new_tab": "true",
                    "$$hashKey": "03U"
                },
                {
                    "image": "data\/bromic\/payment_icons\/master.png",
                    "link": "",
                    "sort": "",
                    "new_tab": "true",
                    "$$hashKey": "041"
                }
            ],
            "menu_font": {"font_family": "Josefin Sans"},
            "heading_font": {"font_family": "Josefin Slab", "text_style_transform": "uppercase"},
            "product_cart_hover_bg_color": "#303030",
            "product_image_width": "100",
            "product_image_height": "100",
            "product_buttons_bg_hover_color": "#303030",
            "product_name_color": "#1F1F1F",
            "search_result_limit": "2",
            "deal_color": "#f9f9f9",
            "topbar_link_hover_color": "#FFFFFF",
            "topbar_text_color": "#FFFFFF",
            "menu_item_color": "#fff",
            "layout_style": "full_width",
            "product_cart_color": "#202020",
            "menu_bg_color": "",
            "deal_text_color": "#202020",
            "product_sale_color": "#34477a",
            "newsletter_success_message": {"ar": "Thank You!", "en": "Thank You!"},
            "newsletter_button_text": {"ar": "Subscribe", "en": "Subscribe"},
            "newsletter_description_text": {
                "ar": "Enter your email and we\u2019ll send you a coupon with 10% off your next order. Add any text here",
                "en": "Enter your email and we\u2019ll send you a coupon with 10% off your next order. Add any text here"
            },
            "newsletter_input_text": {"ar": "Your Email Here", "en": "Your Email Here"},
            "scroll_up_text": {"ar": "Up", "en": "Up"},
            "newsletter_title": {"ar": "Newsletter", "en": "Newsletter"},
            "search_field_text": {"ar": "Live Search Products ...", "en": "Live Search Products ..."},
            "mobile_menu_title": {"ar": "Menu", "en": "Menu"},
            "custom_js_status": "false",
            "custom_css_status": "false",
            "custom_css_file_status": "false",
            "show_payment_icons": "true",
            "show_custom_copyright": "false",
            "show_newsletter_title": "true",
            "show_newsletter": "true",
            "social_icon_rss": "false",
            "social_icon_instagram": "false",
            "social_icon_pinterest": "false",
            "social_icon_youtube": "true",
            "social_icon_google_plus": "true",
            "social_icon_twitter": "true",
            "social_icon_facebook": "true",
            "show_social_icons_title": "false",
            "show_social_icons": "true",
            "twitter_transparent_background": "false",
            "show_twitter_header": "false",
            "show_twitter_footer": "false",
            "show_twitter_title": "false",
            "show_facebook_posts": "false",
            "show_twitter": "false",
            "show_facebook_friend_faces": "false",
            "show_facebook_title": "false",
            "show_facebook": "false",
            "show_contact_title": "false",
            "show_information_title": "true",
            "show_contact": "false",
            "show_information": "true",
            "enable_scroll_up": "true",
            "enable_swap_image": "true",
            "show_sale_badge": "true",
            "show_quick_view": "true",
            "show_custom_notification": "false",
            "enable_one_page_checkout": "false",
            "login_popup": "true",
            "show_custom_tab_1": "false",
            "show_custom_tab_2": "false",
            "show_custom_information": "false",
            "show_google_map": "false",
            "show_related_products": "false",
            "show_custom_block": "false",
            "image_lightbox": "true",
            "default_sharing": "true",
            "show_number_quantity": "false",
            "show_tax": "false",
            "show_save_percent": "false",
            "show_brand_logo": "false",
            "sub_categories_image_carousel": "false",
            "show_wish_list_button": "false",
            "sub_category_image": "false",
            "hide_category_image": "false",
            "show_compare_button": "false",
            "show_add_to_cart_button": "false",
            "show_product_rating": "false",
            "show_product_price": "false",
            "show_product_description": "true",
            "show_product_name": "true",
            "show_product_image": "true",
            "search_in_product_description": "false",
            "search_in_specific_manufacturer": "false",
            "fixed_header": "false",
            "multi_level_default_menu": "false",
            "live_search_status": "true",
            "search_in_specific_category": "false",
            "button_select_list": "false"
        }
    },
    "bromic|skin3": {
        "name": "Skin 3",
        "theme_id": "bromic",
        "root_skin_id": "skin3",
        "options": {
            "button_color": "#fff",
            "product_cart_bg_color": "#fff",
            "social_icon_color": "#FFFFFF",
            "button_hover_background": "#212121",
            "header_search_border_color": "#eee",
            "product_buttons_color": "#1F1F1F",
            "product_price_color": "#835E5D",
            "menu_font": {"font_family": "Josefin Slab"},
            "kuler_slides_buttons_bg_hover_color": "#835E5D",
            "kuler_slides_buttons_hover_color": "#ffffff",
            "kuler_slides_buttons_bg_color": "#dddddd",
            "icon_size": "24px",
            "information_content": {
                "en": "Lorem ipsum dolor sit amet, consectetur adipisicing elit. Ab aut dignissimos ea est, impedit incidunt, laboriosam maxime molestias numquam odio officiis, possimus quo rem repellendus sapiente tenetur voluptas. A, expedita?",
                "ar": "Lorem ipsum dolor sit amet, consectetur adipisicing elit. Ab aut dignissimos ea est, impedit incidunt, laboriosam maxime molestias numquam odio officiis, possimus quo rem repellendus sapiente tenetur voluptas. A, expedita?"
            },
            "kuler_slides_buttons_color": "#fff",
            "body_text_color": "#202020",
            "home_icon_type": "text",
            "custom_tab_2_content": {"en": ""},
            "primary_color": "#835E5D",
            "custom_tab_1_content": {"en": ""},
            "icon_style": "icon",
            "body_font": {"font_family": "Josefin Slab"},
            "bottom_heading_color": "#fff",
            "product_cart_hover_bg_color": "#835E5D",
            "product_cart_hover_color": "#fff",
            "bottom_text_color": "#fff",
            "search_result_limit": "2",
            "product_image_height": "100",
            "bottom_background_color": "#212121",
            "product_buttons_hover_color": "#fff",
            "body_container_bg_color": "#fff",
            "custom_information": {"en": ""},
            "custom_block_content": "",
            "product_image_width": "100",
            "image_zoom_type": "inner_cloud",
            "information_title": {"en": "About Us", "ar": "About Us"},
            "category_menu_type": "default",
            "body_link_color": "#212121",
            "product_cart_color": "#1F1F1F",
            "product_buttons_bg_color": "#FFFFFF",
            "button_background_color": "#835E5D",
            "product_name_color": "#202020",
            "product_buttons_bg_hover_color": "#835E5D",
            "button_hover_color": "#fff",
            "custom_copyright": {"en": ""},
            "custom_css_status": "false",
            "custom_js_status": "false",
            "show_payment_icons": "false",
            "custom_css_file_status": "false",
            "show_newsletter_title": "true",
            "show_custom_copyright": "false",
            "social_icon_rss": "false",
            "show_newsletter": "true",
            "social_icon_pinterest": "true",
            "social_icon_instagram": "true",
            "social_icon_youtube": "true",
            "social_icon_twitter": "true",
            "social_icon_google_plus": "true",
            "social_icon_facebook": "true",
            "show_social_icons_title": "false",
            "show_social_icons": "true",
            "show_twitter": "false",
            "twitter_transparent_background": "false",
            "show_twitter_footer": "false",
            "show_twitter_header": "false",
            "show_twitter_title": "false",
            "show_facebook_posts": "false",
            "show_facebook_friend_faces": "false",
            "show_facebook_title": "false",
            "show_facebook": "false",
            "show_contact_title": "false",
            "show_contact": "false",
            "show_information_title": "true",
            "enable_scroll_up": "true",
            "show_information": "true",
            "enable_swap_image": "true",
            "show_sale_badge": "false",
            "show_quick_view": "true",
            "show_custom_notification": "false",
            "login_popup": "true",
            "enable_one_page_checkout": "false",
            "show_google_map": "false",
            "show_custom_information": "false",
            "show_custom_tab_2": "false",
            "show_custom_block": "true",
            "show_related_products": "false",
            "show_custom_tab_1": "false",
            "image_lightbox": "true",
            "default_sharing": "false",
            "show_number_quantity": "false",
            "show_tax": "false",
            "show_save_percent": "false",
            "show_brand_logo": "false",
            "sub_category_image": "false",
            "sub_categories_image_carousel": "false",
            "hide_category_image": "false",
            "show_compare_button": "false",
            "show_wish_list_button": "false",
            "show_product_rating": "false",
            "show_add_to_cart_button": "false",
            "show_product_price": "false",
            "show_product_description": "true",
            "show_product_name": "true",
            "show_product_image": "true",
            "search_in_specific_manufacturer": "false",
            "search_in_product_description": "false",
            "search_in_specific_category": "false",
            "live_search_status": "true",
            "multi_level_default_menu": "false",
            "fixed_header": "false",
            "button_select_list": "false",
            "newsletter_button_text": {"ar": "Subscribe", "en": "Subscribe"},
            "newsletter_input_text": {"en": "Your Email Here", "ar": "Your Email Here"},
            "newsletter_success_message": {"ar": "Thank You!", "en": "Thank You!"},
            "newsletter_description_text": {"ar": "Newsletter", "en": "Newsletter"},
            "scroll_up_text": {"ar": "Up", "en": "Up"},
            "newsletter_title": {"ar": "Newsletter", "en": "Newsletter"},
            "view_button_text": {"ar": ""},
            "search_field_text": {"ar": "Live Search Products ...", "en": "Live Search Products ..."},
            "mobile_menu_title": {"ar": "Menu", "en": "Menu"}
        }
    },
    "bromic|skin4": {
        "name": "Skin 4",
        "theme_id": "bromic",
        "root_skin_id": "skin4",
        "options": {
            "testimonial_text_color": "#fff",
            "body_text_color": "#202020",
            "icon_style": "icon",
            "kuler_slides_buttons_color": "#fff",
            "maximum_width": "1170px",
            "icon_size": "24px",
            "information_content": {
                "en": "Lorem ipsum dolor sit amet, consectetur adipisicing elit. Ab aut dignissimos ea est, impedit incidunt, laboriosam maxime molestias numquam odio officiis, possimus quo rem repellendus sapiente tenetur voluptas. A, expedita?",
                "ar": "Lorem ipsum dolor sit amet, consectetur adipisicing elit. Ab aut dignissimos ea est, impedit incidunt, laboriosam maxime molestias numquam odio officiis, possimus quo rem repellendus sapiente tenetur voluptas. A, expedita?"
            },
            "button_hover_background": "#212121",
            "body_bg_image": {"path": "image\/data\/bromic\/body\/body_bg_skin5.jpg", "repeat": "repeat-y"},
            "menu_font": {"font_family": "Josefin Slab"},
            "kuler_slides_buttons_hover_color": "#ffffff",
            "kuler_slides_buttons_bg_color": "#dddddd",
            "home_icon_type": "text",
            "primary_color": "#EACAA6",
            "kuler_slides_buttons_bg_hover_color": "#835E5D",
            "custom_block_content": "",
            "custom_tab_2_content": {"en": ""},
            "bottom_background_color": "#212121",
            "custom_information": {"en": ""},
            "category_menu_type": "default",
            "body_container_bg_color": "#fff",
            "product_cart_hover_bg_color": "#835E5D",
            "custom_tab_1_content": {"en": ""},
            "bottom_heading_color": "#fff",
            "body_font": {"font_family": "Josefin Slab"},
            "bottom_text_color": "#fff",
            "information_title": {"en": "About Us", "ar": "About Us"},
            "product_cart_hover_color": "#fff",
            "image_zoom_type": "inner_cloud",
            "search_result_limit": "2",
            "product_image_height": "100",
            "product_buttons_hover_color": "#fff",
            "product_name_color": "#202020",
            "product_image_width": "100",
            "product_sale_color": "#996146",
            "layout_style": "boxed",
            "deal_text_color": "#202020",
            "button_background_color": "#835E5D",
            "body_link_color": "#212121",
            "deal_color": "#EACAA6",
            "button_hover_color": "#fff",
            "bottom_link_hover_color": "",
            "product_cart_color": "#1F1F1F",
            "testimonial_bg_image": {
                "path": "image\/data\/demo\/bromic\/testimonial\/testimonial_skin5.jpg",
                "position": "right top"
            },
            "product_sale_text_color": "#fff",
            "header_search_border_color": "#eee",
            "product_cart_bg_color": "#fff",
            "button_color": "#212121",
            "product_buttons_color": "#1F1F1F",
            "product_price_color": "#835E5D",
            "product_buttons_bg_hover_color": "#835E5D",
            "bottom_link_color": "#fff",
            "product_buttons_bg_color": "#FFFFFF",
            "custom_copyright": {"en": ""},
            "social_icon_color": "#FFFFFF",
            "newsletter_button_text": {"ar": "Subscribe", "en": "Subscribe"},
            "newsletter_success_message": {"ar": "Thank You!", "en": "Thank You!"},
            "newsletter_input_text": {"en": "Your Email Here", "ar": "Your Email Here"},
            "newsletter_description_text": {"ar": "Newsletter", "en": "Newsletter"},
            "newsletter_title": {"ar": "Newsletter", "en": "Newsletter"},
            "scroll_up_text": {"ar": "Up", "en": "Up"},
            "view_button_text": {"ar": ""},
            "mobile_menu_title": {"ar": "Menu", "en": "Menu"},
            "search_field_text": {"ar": "Live Search Products ...", "en": "Live Search Products ..."},
            "custom_js_status": "false",
            "custom_css_status": "false",
            "custom_css_file_status": "false",
            "show_payment_icons": "false",
            "show_custom_copyright": "false",
            "show_newsletter_title": "true",
            "show_newsletter": "true",
            "social_icon_rss": "false",
            "social_icon_instagram": "true",
            "social_icon_pinterest": "true",
            "social_icon_youtube": "true",
            "social_icon_google_plus": "true",
            "social_icon_twitter": "true",
            "social_icon_facebook": "true",
            "show_social_icons_title": "false",
            "show_social_icons": "true",
            "show_twitter_footer": "false",
            "twitter_transparent_background": "false",
            "show_twitter_header": "false",
            "show_facebook_posts": "false",
            "show_twitter_title": "false",
            "show_twitter": "false",
            "show_facebook_friend_faces": "false",
            "show_facebook": "false",
            "show_facebook_title": "false",
            "show_contact_title": "false",
            "show_contact": "false",
            "show_information_title": "true",
            "show_information": "true",
            "enable_scroll_up": "true",
            "enable_swap_image": "true",
            "show_sale_badge": "false",
            "show_quick_view": "true",
            "show_custom_notification": "false",
            "login_popup": "true",
            "enable_one_page_checkout": "false",
            "show_google_map": "false",
            "show_custom_information": "false",
            "show_custom_tab_2": "false",
            "show_custom_tab_1": "false",
            "show_related_products": "false",
            "show_custom_block": "true",
            "image_lightbox": "true",
            "default_sharing": "false",
            "show_number_quantity": "false",
            "show_tax": "false",
            "show_brand_logo": "false",
            "show_save_percent": "false",
            "sub_categories_image_carousel": "false",
            "sub_category_image": "false",
            "hide_category_image": "false",
            "show_compare_button": "false",
            "show_wish_list_button": "false",
            "show_add_to_cart_button": "false",
            "show_product_rating": "false",
            "show_product_price": "false",
            "show_product_description": "true",
            "search_in_product_description": "false",
            "show_product_name": "true",
            "show_product_image": "true",
            "search_in_specific_manufacturer": "false",
            "search_in_specific_category": "false",
            "live_search_status": "true",
            "multi_level_default_menu": "false",
            "fixed_header": "false",
            "button_select_list": "false"
        }
    },
    "bromic|skin5": {
        "name": "Skin 5",
        "theme_id": "bromic",
        "root_skin_id": "skin5",
        "options": {
            "icon_size": "24px",
            "social_icon_hover_color": "#9C545B",
            "primary_color": "#9C545B",
            "body_text_color": "#1f1f1f",
            "bottom_text_color": "#ffffff",
            "lens_zoom_shape": "rounded",
            "button_hover_background": "#444",
            "bottom_link_color": "#ffffff",
            "search_result_limit": "2",
            "custom_tab_1_content": {"en": "Dolor sit amet, consectetuer adipiscing elit, sed diam nonummy nibh euismod tincidunt ut laoreet dolore magna aliquam erat volutpat. Ut wisi enim ad minim veniam, quis nostrud exerci tation ullamcorper suscipit lobortis nisl ut aliquip ex ea commodo consequat. Duis autem vel eum iriure dolor in hendrerit in vulputate velit esse molestie consequat, vel illum dolore eu feugiat nulla facilisis at vero eros et accumsan et iusto odio dignissim qui blandit praesent luptatum zzril delenit augue duis dolore te feugait nulla facilisi. Nam liber tempor cum soluta nobis eleifend option congue nihil imperdiet doming id quod mazim placerat facer possim assum."},
            "topbar_link_color": "#1f1f1f",
            "related_products_style": "grid",
            "product_buttons_bg_hover_color": "#9c545b",
            "custom_tab_2_title": {"en": "Custom Tab 2"},
            "product_cart_hover_color": "#fff",
            "product_price_color": "#9B535A",
            "product_buttons_hover_color": "#ffffff",
            "product_cart_bg_color": "#F9F9F9",
            "kuler_slides_buttons_color": "#fff",
            "notification_show_time": "300",
            "social_icon_instagram_link": "#",
            "skype_1": "",
            "sub_category_image_size": "100",
            "contact_icon_color": "#ffffff",
            "topbar_link_hover_color": "#000000",
            "social_icon_color": "#ffffff",
            "social_icon_facebook_link": "#",
            "information_content": {
                "en": "Lorem ipsum dolor sit amet, consectetur adipisicing elit. Ab aut dignissimos ea est, impedit incidunt, laboriosam maxime molestias numquam odio officiis, possimus quo rem repellendus sapiente tenetur voluptas. A, expedita?",
                "ar": "Lorem ipsum dolor sit amet, consectetur adipisicing elit. Ab aut dignissimos ea est, impedit incidunt, laboriosam maxime molestias numquam odio officiis, possimus quo rem repellendus sapiente tenetur voluptas. A, expedita?"
            },
            "kuler_slides_buttons_hover_color": "",
            "custom_block_content": {"en": "Show Custom Block", "ar": "Show Custom Block"},
            "custom_copyright": {"en": ""},
            "bottom_heading_color": "#fff",
            "product_name_color": "#212121",
            "social_icon_youtube_link": "#",
            "menu_font": {"font_family": "Josefin Slab"},
            "header_background_color": "rgba(255, 255, 255, 1)",
            "social_icon_twitter_link": "#",
            "social_icon_bg": "",
            "button_color": "#fff",
            "body_container_bg_color": "#fff",
            "body_link_color": "#212121",
            "button_background_color": "#9C545B",
            "contact_icon_hover_bg": "#E94B35",
            "home_icon_type": "text",
            "footer_background_color": "#ffffff",
            "body_link_hover_color": "#9C545B",
            "contact_icon_bg": "#bbb",
            "product_sale_color": "#E94B35",
            "heading_color": "#212121",
            "information_title": {"en": "About us", "ar": "About Us"},
            "social_icon_google_plus_link": "#",
            "kuler_slides_buttons_bg_hover_color": "#9C545B",
            "product_cart_color": "#1F1F1F",
            "category_menu_type": "accordion",
            "product_buttons_color": "#1F1F1F",
            "product_old_price_color": "#878787",
            "fax_1": "5456456456",
            "kuler_slides_buttons_bg_color": "#ddd",
            "social_icon_rss_link": "#",
            "maximum_width": "1170px",
            "menu_item_color": "#212121",
            "body_main_color": "#E94B35",
            "header_search_border_color": "#eee",
            "phone_1": "",
            "payment_icons": [
                {
                    "image": "data\/bromic\/payment_icons\/master.png",
                    "name": {"en": "Master Cart"},
                    "link": "#",
                    "sort": "",
                    "new_tab": "true",
                    "$$hashKey": "036"
                },
                {
                    "image": "data\/bromic\/payment_icons\/discovery.png",
                    "name": {"en": "Discovery"},
                    "link": "#",
                    "sort": "",
                    "new_tab": "true",
                    "$$hashKey": "03I"
                }
            ],
            "heading_font": {"font_family": "Josefin Slab", "font_style": "normal", "text_style_transform": "uppercase"},
            "newsletter_input_text": {"en": "Enter your email address", "ar": "Enter your email address"},
            "social_icon_pinterest_link": "#",
            "product_cart_hover_bg_color": "#9C545B",
            "topbar_background_color": "rgba(255, 255, 255, 1)",
            "newsletter_button_text": {"en": "Subscribe", "ar": "Subscribe"},
            "newsletter_success_message": {"en": "Thank you", "ar": "Thank you"},
            "newsletter_description_text": {
                "en": "Enter your email and we\u2019ll send you a coupon with 10% off your next order. Add any text here",
                "ar": "Enter your email and we\u2019ll send you a coupon with 10% off your next order. Add any text here"
            },
            "contact_title": {"en": "Contact Us"},
            "newsletter_title": {"en": "Newsletter", "ar": "Newsletter"},
            "mobile_menu_title": {"en": "Menu", "ar": "Menu"},
            "search_field_text": {"en": "Live Search Products ...", "ar": "Live Search Products ..."},
            "view_button_text": {"en": "Quick View"},
            "more_details_button_text": {"en": "Detail"},
            "scroll_up_text": {"en": "Go to top"},
            "custom_js_status": "false",
            "custom_css_file_status": "false",
            "social_icon_youtube": "true",
            "custom_css_status": "false",
            "social_icon_pinterest": "false",
            "social_icon_rss": "false",
            "social_icon_instagram": "false",
            "show_newsletter_title": "true",
            "show_newsletter": "true",
            "show_payment_icons": "true",
            "show_custom_copyright": "false",
            "social_icon_facebook": "true",
            "show_social_icons_title": "false",
            "social_icon_twitter": "true",
            "twitter_transparent_background": "false",
            "show_social_icons": "true",
            "social_icon_google_plus": "true",
            "login_popup": "true",
            "show_twitter_footer": "false",
            "show_custom_notification": "true",
            "show_quick_view": "true",
            "show_sale_badge": "true",
            "enable_scroll_up": "true",
            "enable_swap_image": "true",
            "show_information_title": "true",
            "show_information": "true",
            "show_contact": "false",
            "show_contact_title": "false",
            "show_facebook": "false",
            "show_facebook_title": "false",
            "show_save_percent": "false",
            "show_tax": "false",
            "show_number_quantity": "true",
            "image_lightbox": "true",
            "default_sharing": "true",
            "show_related_products": "true",
            "show_custom_block": "true",
            "show_custom_tab_1": "true",
            "show_custom_information": "false",
            "custom_information": {"en": ""},
            "product_image_width": "100",
            "bottom_background_color": "#212121",
            "zoom_window_height": "300",
            "topbar_border_color": "#eee",
            "layout_style": "full_width",
            "show_facebook_friend_faces": "false",
            "show_facebook_posts": "false",
            "show_twitter": "false",
            "show_twitter_title": "false",
            "enable_one_page_checkout": "true",
            "show_twitter_header": "false",
            "show_google_map": "false",
            "show_custom_tab_2": "true",
            "sub_categories_image_carousel": "false",
            "show_brand_logo": "false",
            "sub_category_image": "true",
            "hide_category_image": "false",
            "show_compare_button": "false",
            "show_wish_list_button": "false",
            "search_in_specific_manufacturer": "false",
            "show_add_to_cart_button": "false",
            "show_product_rating": "false",
            "fixed_header": "false",
            "multi_level_default_menu": "true",
            "live_search_status": "true",
            "search_in_specific_category": "false",
            "show_product_image": "true",
            "search_in_product_description": "false",
            "show_product_name": "true",
            "phone_2": "",
            "mobile_1": "456456456",
            "email_1": "contact@kulerthemes.com",
            "body_font": {"font_family": "Josefin Slab"},
            "product_description_limit": "98",
            "image_zoom_type": "outer_cloud",
            "body_pattern": "catalog\/view\/theme\/bromic\/data\/patterns\/carbon_fibre_retina.png",
            "product_buttons_bg_color": "#f9f9f9",
            "button_select_list": "false",
            "show_product_price": "false",
            "show_product_description": "true",
            "custom_tab_2_content": {"en": "Duis autem vel eum iriure dolor in hendrerit in vulputate velit esse molestie consequat, vel illum dolore eu feugiat nulla facilisis at vero eros et accumsan et iusto odio dignissim qui blandit praesent luptatum zzril delenit augue duis dolore te feugait nulla facilisi. Nam liber tempor cum soluta nobis eleifend option congue nihil imperdiet doming id quod mazim placerat facer possim assum."},
            "product_image_height": "128",
            "custom_tab_1_title": {"en": "Custom Tab 1"},
            "icon_style": "icon",
            "social_icon_hover_bg": "#8888",
            "zoom_window_width": "300"
        }
    },
    "bromic|skin6": {
        "name": "Skin 6",
        "theme_id": "bromic",
        "root_skin_id": "skin6",
        "options": {
            "button_select_list": "false",
            "show_product_description": "true",
            "show_product_name": "true",
            "show_product_image": "true",
            "search_in_product_description": "false",
            "live_search_status": "true",
            "search_in_specific_category": "false",
            "search_in_specific_manufacturer": "false",
            "multi_level_default_menu": "true",
            "fixed_header": "false",
            "show_product_rating": "false",
            "show_product_price": "false",
            "show_compare_button": "false",
            "show_wish_list_button": "false",
            "show_add_to_cart_button": "false",
            "hide_category_image": "false",
            "sub_category_image": "true",
            "sub_categories_image_carousel": "false",
            "show_brand_logo": "false",
            "show_save_percent": "false",
            "show_tax": "false",
            "show_number_quantity": "true",
            "default_sharing": "true",
            "image_lightbox": "true",
            "show_custom_block": "true",
            "show_related_products": "true",
            "show_custom_tab_1": "true",
            "show_custom_information": "false",
            "show_custom_tab_2": "true",
            "show_google_map": "false",
            "enable_one_page_checkout": "true",
            "login_popup": "true",
            "show_custom_notification": "true",
            "show_sale_badge": "true",
            "show_quick_view": "true",
            "enable_swap_image": "true",
            "enable_scroll_up": "true",
            "show_information_title": "true",
            "show_information": "true",
            "show_contact": "false",
            "show_contact_title": "false",
            "social_icon_facebook": "true",
            "show_social_icons_title": "false",
            "show_social_icons": "true",
            "twitter_transparent_background": "false",
            "show_twitter_footer": "false",
            "show_twitter_header": "false",
            "show_twitter_title": "false",
            "show_twitter": "false",
            "show_facebook_posts": "false",
            "show_facebook_title": "false",
            "show_facebook_friend_faces": "false",
            "show_facebook": "false",
            "social_icon_twitter": "true",
            "social_icon_google_plus": "true",
            "social_icon_youtube": "true",
            "social_icon_pinterest": "false",
            "social_icon_instagram": "false",
            "social_icon_rss": "false",
            "show_newsletter": "true",
            "show_newsletter_title": "true",
            "show_custom_copyright": "false",
            "show_payment_icons": "true",
            "custom_css_file_status": "false",
            "custom_css_status": "false",
            "custom_js_status": "false",
            "mobile_menu_title": {"en": "Menu", "ar": "Menu"},
            "contact_title": {"en": "Contact Us"},
            "scroll_up_text": {"en": "Go to top"},
            "view_button_text": {"en": "Quick View"},
            "more_details_button_text": {"en": "Detail"},
            "search_field_text": {"en": "Live Search Products ...", "ar": "Live Search Products ..."},
            "newsletter_title": {"en": "Newsletter", "ar": "Newsletter"},
            "information_title": {"en": "About us", "ar": "About Us"},
            "newsletter_button_text": {"en": "Subscribe", "ar": "Subscribe"},
            "newsletter_input_text": {"en": "Enter your email address", "ar": "Enter your email address"},
            "newsletter_success_message": {"en": "Thank you", "ar": "Thank you"},
            "testimonial_text_color": "#1F1F1F",
            "kuler_slides_buttons_bg_color": "#ddd",
            "fax_1": "5456456456",
            "newsletter_description_text": {
                "en": "Enter your email and we\u2019ll send you a coupon with 10% off your next order. Add any text here",
                "ar": "Enter your email and we\u2019ll send you a coupon with 10% off your next order. Add any text here"
            },
            "deal_color": "#9ED9BE",
            "social_icon_pinterest_link": "#",
            "product_old_price_color": "#878787",
            "testimonial_bg_image": {
                "path": "image\/data\/demo\/bromic\/testimonial\/testimonial_bg_4.jpg",
                "repeat": "no-repeat"
            },
            "powered_link_color": "#FCE1AE",
            "topbar_background_color": "rgba(255, 255, 255, 1)",
            "body_main_color": "#E94B35",
            "deal_text_color": "#222222",
            "product_buttons_color": "#1F1F1F",
            "product_cart_hover_bg_color": "#F7697B",
            "social_icon_hover_color": "#9C545B",
            "social_icon_hover_bg": "#8888",
            "social_icon_rss_link": "#",
            "kuler_slides_buttons_hover_color": "",
            "zoom_window_width": "300",
            "product_image_width": "100",
            "product_sale_text_color": "#1F1F1F",
            "icon_style": "icon",
            "bottom_link_color": "#ffffff",
            "custom_information": {"en": ""},
            "powered_text_color": "#FFFFFF",
            "layout_style": "full_width",
            "icon_size": "24px",
            "phone_2": "",
            "skype_1": "",
            "product_buttons_hover_color": "#ffffff",
            "image_zoom_type": "outer_cloud",
            "kuler_slides_buttons_bg_hover_color": "#9C545B",
            "product_image_height": "128",
            "custom_block_content": "",
            "custom_copyright": {"en": ""},
            "primary_color": "#F7697B",
            "powered_background_color": "#212121",
            "body_font": {"font_family": "Josefin Slab"},
            "product_buttons_bg_color": "#f9f9f9",
            "search_result_limit": "2",
            "product_description_limit": "98",
            "bottom_heading_color": "#fff",
            "bottom_background_color": "#212121",
            "body_pattern": "catalog\/view\/theme\/bromic\/data\/patterns\/carbon_fibre_retina.png",
            "body_container_bg_color": "#fff",
            "custom_tab_1_content": {"en": "Dolor sit amet, consectetuer adipiscing elit, sed diam nonummy nibh euismod tincidunt ut laoreet dolore magna aliquam erat volutpat. Ut wisi enim ad minim veniam, quis nostrud exerci tation ullamcorper suscipit lobortis nisl ut aliquip ex ea commodo consequat. Duis autem vel eum iriure dolor in hendrerit in vulputate velit esse molestie consequat, vel illum dolore eu feugiat nulla facilisis at vero eros et accumsan et iusto odio dignissim qui blandit praesent luptatum zzril delenit augue duis dolore te feugait nulla facilisi. Nam liber tempor cum soluta nobis eleifend option congue nihil imperdiet doming id quod mazim placerat facer possim assum."},
            "custom_tab_2_content": {"en": "Duis autem vel eum iriure dolor in hendrerit in vulputate velit esse molestie consequat, vel illum dolore eu feugiat nulla facilisis at vero eros et accumsan et iusto odio dignissim qui blandit praesent luptatum zzril delenit augue duis dolore te feugait nulla facilisi. Nam liber tempor cum soluta nobis eleifend option congue nihil imperdiet doming id quod mazim placerat facer possim assum."},
            "mobile_1": "456456456",
            "custom_tab_1_title": {"en": "Custom Tab 1"},
            "topbar_border_color": "#eee",
            "zoom_window_height": "300",
            "social_icon_google_plus_link": "#",
            "button_color": "#fff",
            "menu_font": {"font_family": "Josefin Slab"},
            "button_hover_background": "#444",
            "body_text_color": "#1f1f1f",
            "bottom_text_color": "#ffffff",
            "product_name_color": "#212121",
            "lens_zoom_shape": "rounded",
            "product_price_color": "#F7697B",
            "related_products_style": "grid",
            "topbar_link_color": "#1f1f1f",
            "contact_icon_color": "#ffffff",
            "information_content": {
                "en": "Lorem ipsum dolor sit amet, consectetur adipisicing elit. Ab aut dignissimos ea est, impedit incidunt, laboriosam maxime molestias numquam odio officiis, possimus quo rem repellendus sapiente tenetur voluptas. A, expedita?",
                "ar": "Lorem ipsum dolor sit amet, consectetur adipisicing elit. Ab aut dignissimos ea est, impedit incidunt, laboriosam maxime molestias numquam odio officiis, possimus quo rem repellendus sapiente tenetur voluptas. A, expedita?"
            },
            "sub_category_image_size": "100",
            "maximum_width": "1170px",
            "email_1": "contact@kulerthemes.com",
            "social_icon_youtube_link": "#",
            "button_background_color": "#9C545B",
            "home_icon_type": "text",
            "body_link_color": "#212121",
            "body_link_hover_color": "#F7697B",
            "topbar_link_hover_color": "#000000",
            "footer_background_color": "#ffffff",
            "social_icon_facebook_link": "#",
            "social_icon_bg": "",
            "social_icon_color": "#ffffff",
            "contact_icon_hover_bg": "#E94B35",
            "social_icon_twitter_link": "#",
            "header_background_color": "rgba(255, 255, 255, 1)",
            "product_buttons_bg_hover_color": "#F7697B",
            "menu_item_color": "#212121",
            "custom_tab_2_title": {"en": "Custom Tab 2"},
            "social_icon_instagram_link": "#",
            "product_cart_hover_color": "#fff",
            "category_menu_type": "accordion",
            "product_sale_color": "#FCE2AF",
            "product_cart_color": "#1F1F1F",
            "phone_1": "",
            "header_search_border_color": "#eee",
            "kuler_slides_buttons_color": "#fff",
            "contact_icon_bg": "#bbb",
            "notification_show_time": "300",
            "heading_color": "#212121",
            "heading_font": {"font_family": "Josefin Slab", "font_style": "normal", "text_style_transform": "uppercase"},
            "product_cart_bg_color": "#F9F9F9",
            "payment_icons": [
                {
                    "image": "data\/bromic\/payment_icons\/master.png",
                    "name": {"en": "Master Cart"},
                    "link": "#",
                    "sort": "",
                    "new_tab": "true",
                    "$$hashKey": "036"
                },
                {
                    "image": "data\/bromic\/payment_icons\/discovery.png",
                    "name": {"en": "Discovery"},
                    "link": "#",
                    "sort": "",
                    "new_tab": "true",
                    "$$hashKey": "03I"
                }
            ]
        }
    }
}